stat,y
count,3767954.0
mean,7.972566897159856e-05
std,0.02360555765882881
min,-0.338524574747542
1%,-0.058042646987605036
5%,-0.03122412267961688
10%,-0.02205074967134278
50%,-0.001720146945567935
90%,0.023661967103292596
95%,0.037501797191638535
99%,0.08134941570825718
max,0.48819616348742895
count_total,3767954.0
missing,0.0
missing_rate,0.0
